Category,Max Reaction Type,Percentage
soccer,indifferent,7.961564859299932
food,hate,7.651559741024132
technology,adore,7.597173144876325
cooking,interested,7.512019230769231
travel,dislike,7.4074074074074066
education,love,7.327285415212841
culture,want,7.279236276849642
healthy eating,adore,7.105416423995341
science,want,7.015590200445435
animals,scared,6.9583552978386916
