Category,Score,Percentage Score,Max Reaction Type,Max Reaction Percentage
animals,74965,7.699418165758567,scared,6.9583552978386916
science,71168,7.309440299082315,want,7.015590200445435
healthy eating,69339,7.121589491036261,adore,7.105416423995341
technology,68738,7.059862680956612,adore,7.597173144876325
food,66676,6.8480811794853365,hate,7.651559741024132
